Workbook

Sheet Data
A1: Name | B1: Description | C1: Tags | D1: Features | E1: Year | F1: Webpage | G1: Last update | H1: Active | I1: Repository | J1: Goal | K1: License | L1: Technology | M1: Meta-modeling framework | N1: Number of collaborators
A2: AGG | B2: Graph transformation tool | C2: GTT, END | D2: Endogenous, In-place transformation, analysis | E2: 1993 | F2: https://www.user.tu-berlin.de/o.runge/AGG/WWW/agg.html | G2: 2021 | H2: No | I2: - | J2: Research
A3: Fujaba/TGGs | B3: Triple graph grammars tool, with meta-modelling support | C3: GTT, EXO | E3: 1998 | F3: https://web.cs.upb.de/archive/fujaba/home.html | G3: 2012 | H3: No | I3: N/A | J3: Research | K3: N/A
A4: AToM3 | B4: Meta-modelling and graph transformation tool | C4: GTT, END | D4: Endogenous, In-place transformation | E4: 2002 | F4: Not Available | G4: 2009 | H4: No | J4: Research | K4: -- | L4: Python | M4: Python | N4: 4
A5: GROOVE | B5: Graph transformation tool | C5: GTT, END | D5: State space exploration, model checking | E5: 2003 | F5: https://groove.cs.utwente.nl/ | G5: 2025 | H5: Yes | I5: https://github.com/nl-utwente-groove | J5: Research | K5: Apache | L5: Java
A6: VIATRA/VIATRA2 | B6: Graph transformation tool | C6: GTT, EMF | D6: VIATRA - visual automated transformations for formal verification and validation of UML models. | E6: 2003 | F6: https://projects.eclipse.org/projects/modeling.viatra | G6: 2025 | H6: Yes | I6: https://github.com/eclipse-viatra | J6: Industry | K6: EPL
A7: GrGen.NET | B7: Graph transformation tool | C7: GTT, END | E7: 2004 | F7: https://grgen.de/ | G7: 2025 | H7: Yes | I7: https://github.com/ejaku/grgen | J7: Research | K7: LGPL | L7: .NET
A8: MOLA | B8: Graphical model transformation language | C8: MTT, EXO, EMF | E8: 2004 | F8: https://mola.mii.lu.lv/ | G8: 2011 | H8: No | I8: https://mola.mii.lu.lv/ | J8: Research | K8: Freeware
A9: Kermeta | B9: Behavioural meta-modelling language | C9: MTT, END, EMF | D9: Imperative language, in-place transformations, model management, executable meta-modeling | E9: 2005 | F9: https://diverse-project.github.io/k3/ | G9: 2023 | H9: Possibly | I9: https://github.com/diverse-project/k3 | J9: Research | K9: EPL | L9: Eclipse, maven available | M9: EMF | N9: 12
A10: Tefkat | B10: Model transformation language for EMF | C10: MTT, EXO, EMF | D10: Declarative, incremental, exogenous transformations | E10: 2005 | F10: https://tefkat.sourceforge.net/ | G10: 2014 | H10: No | I10: https://sourceforge.net/projects/tefkat/ | K10: LGPL | L10: Eclipse | M10: EMF
A11: ATL | B11: Model transformation language for Eclipse EMF | C11: MTT, EXO, EMF | D11: Model-to-model transformation, Eclipse IDE | E11: 2006 | F11: https://eclipse.dev/atl/ | G11: 2025 | H11: Yes | I11: https://github.com/eclipse-atl/atl | J11: Industry | K11: EPL | L11: Eclipse | M11: EMF | N11: 4
A12: Epsilon | B12: Model management languages | C12: MTT, END, EXO, EMF | D12: Model transformation languages, behavioural modeling, model migration, etc. Eclipse IDE | E12: 2006 | F12: https://eclipse.dev/epsilon/ | G12: 2025 | H12: Yes | I12: https://github.com/eclipse-epsilon/epsilon | J12: Industry | K12: EPL | L12: Eclipse, maven available | M12: EMF, Open | N12: 18
A13: GReAT | B13: Model-to-model transformation language embedded into Java as API | C13: GTT, EXO | D13: Graph rewriting and Model transformation | E13: 2006 | F13: https://archive.isis.vanderbilt.edu/tools/GReAT | G13: 2011 | H13: No | I13: N/A | J13: Research | M13: GME
A14: eMoflon | B14: Triple graph grammars and unidirectional GTs, with meta-modelling support | C14: GTT, EXO, EMF | D14: TGGs, bidirectional and unidirectional | E14: 2006 | F14: https://emoflon.org/ | G14: 2024 | H14: Yes for GTs, No for TGGs (discontinued in 2024) | I14: https://github.com/eMoflon | J14: Research | K14: GPL | L14: Eclipse | M14: EMF | N14: 22
A15: RubyTL | B15: Model transformation language embedded into Ruby | C15: MTT, EXO, EMF | D15: Hybrid language | E15: 2006 | F15: Not available | G15: 2017 | H15: No | I15: https://github.com/jesusc/rubytl | J15: Research | K15: EPL | L15: Ruby | M15: EMF, Open | N15: 1
A16: SmartQVT | B16: Model-to-model transformation tool | C16: MTT, EXO, EMF | D16: Implementation of QVT-o | E16: 2006 | F16: Not available | G16: 2008 | H16: No | I16: https://sourceforge.net/projects/smartqvt/ | L16: Eclipse | M16: EMF
A17: MediniQVT | B17: Model-to-model transformation tool | C17: MTT, EXO, EMF | D17: Implementation of QVT-R | E17: 2007 | F17: https://web.archive.org/web/20200220062453/http://projects.ikv.de/qvt | G17: 2011 | H17: No | J17: Industry? | L17: Eclipse | M17: EMF
A18: QVT | B18: OMG standard | C18: STD | E18: 2008 | G18: 2016 | H18: No
A19: Eclipse QVT-o | C19: MTT, EXO, EMF | D19: Implementatio of QVT-o | E19: 2010 | F19: https://wiki.eclipse.org/M2M/Operational_QVT_Language_(QVTO) | G19: 2021 | H19: No | I19: https://archive.eclipse.org/mmt/qvto/updates/releases/
A20: DSLTrans | B20: Graphical language and tool for model transformations | C20: MTT, EXO, EMF | D20: exogenous, rule-based, mathematical foundation ensures termination and confluence | E20: 2010 | F20: https://github.com/githubbrunob/DSLTransGIT | G20: 2017 | H20: ? -- see observations | I20: https://github.com/githubbrunob/DSLTransGIT | J20: Research | K20: EPL | L20: Eclipse | M20: EMF | N20: 3
A21: Henshin | B21: Graph transformation tool for Eclipse EMF | C21: GTT, END, EMF | E21: 2010 | F21: https://projects.eclipse.org/projects/modeling.emft.henshin | G21: 2025 | H21: Yes | I21: https://github.com/eclipse-henshin/henshin | J21: Research | K21: EPL | L21: Eclipse | M21: EMF | N21: 12
A22: JTL | B22: model transformation language for non-bijective transformations and change propagation | C22: MTT, EXO, EMF | D22: bidirectional, declarative, compiled into ASP (search problem), traceability, textual | E22: 2010 | F22: https://jtl.univaq.it/index.html | G22: 2019 | H22: No | I22: https://github.com/MDEGroup/jtl-eclipse | J22: Research | K22: EPL | L22: Eclipse | M22: EMF, compiled into ASP | N22: 4
A23: GReTL | B23: Graph-based transformation language | C23: GTT, END | D23: imperative, out-place, specifications either in Java or using a textual DSL, extensible, termination and confluence is ensured | E23: 2011 | F23: https://jgralab.github.io/jgralab/ | G23: 2019 | H23: No | I23: https://github.com/jgralab/jgralab | J23: Research | K23: GNU GPL | L23: Java | N23: 7
A24: Mitra2 | B24: Model-to-model transformation language | C24: MTT, EXO, EMF | D24: Rule-based with imperative constructs. Java-like syntax | E24: 2012 | F24: https://jpilgrim.github.io/mitra2/ | G24: 2013 | H24: No | I24: https://github.com/jpilgrim/mitra2/ | J24: Research | K24: ? | L24: Eclipse | M24: EMF | N24: 1
A25: NMF | B25: Model management for .NET | C25: MTT, EXO | D25: Model transformation, synchronization, code generation, etc. | E25: 2013 | F25: https://nmfcode.github.io/ | G25: 2025 | H25: Yes | I25: https://github.com/NMFCode/NMF | J25: Industry? | K25: BSD | L25: .NET | N25: 14
A26: MoMOT | B26: Search-based model transformation | C26: GTT, END, EMF | E26: 2015 | F26: https://martin-fleck.github.io/momot/ | G26: 2017 | H26: No | I26: https://github.com/martin-fleck/momot | K26: N/A | L26: Eclipse | N26: 5
A27: CoqTL | B27: Language for rule-based model- and graph- transformations | C27: MTT, EXO | D27: Internal transformation language in Coq | E27: 2018 | F27: Not available | G27: 2022 | H27: No | I27: https://github.com/atlanmod/coqtl | J27: Research | K27: EPL | L27: Coq | M27: Coq (can import Ecore models) | N27: 4
A28: YAMTL | B28: Model-to-model transformation language embedded into Java as API | C28: MTT, EXO, EMF | D28: Incremental transformations | E28: 2018 | F28: https://yamtl.github.io/ | G28: 2024 | H28: Yes | I28: https://github.com/yamtl | K28: ? | L28: Java, IDE agnostic (Eclipse, VSCode, IntelliJ), Maven available | M28: EMF
B31: http://www.mdetools.com/ | D31: No parece funcionar bien
B32: https://github.com/mdenet/awesome-mde
D36: GTT
D37: MTT
D38: STD
D39: END
A40: Exogenous | D40: EXO
A41: Eclipse/EMF-based | D41: EMF
A44: Other tools
A45: ModelMorf | B45: Model-to-model transformation tool | C45: MTT, EXO, EMF | D45: Implementation of QVT-R | F45: Not available | H45: No | J45: ??

Sheet Graphs
A1: Year | B1: # Tools
A2: 1993 | B2: =COUNTIFS(Data!$E$2:$E$28, "<=" & A2, Data!$G$2:$G$28, ">=" & A2) -> 1
A3: =A2+1 -> 1994 | B3: =COUNTIFS(Data!$E$2:$E$28, "<=" & A3, Data!$G$2:$G$28, ">=" & A3) -> 1
A4: =A3+1 -> 1995 | B4: =COUNTIFS(Data!$E$2:$E$28, "<=" & A4, Data!$G$2:$G$28, ">=" & A4) -> 1
A5: =A4+1 -> 1996 | B5: =COUNTIFS(Data!$E$2:$E$28, "<=" & A5, Data!$G$2:$G$28, ">=" & A5) -> 1
A6: =A5+1 -> 1997 | B6: =COUNTIFS(Data!$E$2:$E$28, "<=" & A6, Data!$G$2:$G$28, ">=" & A6) -> 1
A7: =A6+1 -> 1998 | B7: =COUNTIFS(Data!$E$2:$E$28, "<=" & A7, Data!$G$2:$G$28, ">=" & A7) -> 2
A8: =A7+1 -> 1999 | B8: =COUNTIFS(Data!$E$2:$E$28, "<=" & A8, Data!$G$2:$G$28, ">=" & A8) -> 2
A9: =A8+1 -> 2000 | B9: =COUNTIFS(Data!$E$2:$E$28, "<=" & A9, Data!$G$2:$G$28, ">=" & A9) -> 2
A10: =A9+1 -> 2001 | B10: =COUNTIFS(Data!$E$2:$E$28, "<=" & A10, Data!$G$2:$G$28, ">=" & A10) -> 2
A11: =A10+1 -> 2002 | B11: =COUNTIFS(Data!$E$2:$E$28, "<=" & A11, Data!$G$2:$G$28, ">=" & A11) -> 3
A12: =A11+1 -> 2003 | B12: =COUNTIFS(Data!$E$2:$E$28, "<=" & A12, Data!$G$2:$G$28, ">=" & A12) -> 5
A13: =A12+1 -> 2004 | B13: =COUNTIFS(Data!$E$2:$E$28, "<=" & A13, Data!$G$2:$G$28, ">=" & A13) -> 7
A14: =A13+1 -> 2005 | B14: =COUNTIFS(Data!$E$2:$E$28, "<=" & A14, Data!$G$2:$G$28, ">=" & A14) -> 9
... A34: =A33+1 -> 2025 | B34: =COUNTIFS(Data!$E$2:$E$28, "<=" & A34, Data!$G$2:$G$28, ">=" & A34) -> 7
